# Topics with an existing media-table illustration, as at 2026-10-02.
# Source: media join topics join subjects join grades, media_type='image'.
# 151 rows; all map to live topics; all approval_status='pending'.
# Key is subject-slug|grade|topic-slug, which is unique (slug alone is not).
afrikaans-first-additional-language|4|eenvoudige-sinne-bou
afrikaans-first-additional-language|4|groete-en-jouself-voorstel
afrikaans-first-additional-language|4|kleure-en-getalle
afrikaans-first-additional-language|4|selfstandige-naamwoorde-dinge-in-die-klaskamer
afrikaans-first-additional-language|5|die-weer-en-die-seisoene
afrikaans-first-additional-language|5|leesbegrip-kort-tekste
afrikaans-first-additional-language|5|my-familie
afrikaans-first-additional-language|6|by-die-winkel-alledaagse-woordeskat
afrikaans-first-additional-language|6|byvoeglike-naamwoorde
afrikaans-first-additional-language|6|meervoude
afrikaans-first-additional-language|6|skryf-van-n-kort-paragraaf
afrikaans-first-additional-language|7|direkte-en-indirekte-rede
afrikaans-first-additional-language|7|idiome-en-uitdrukkings
afrikaans-first-additional-language|7|lydende-en-bedrywende-vorm
creative-arts|7|careers-term-1
creative-arts|7|careers-term-2
creative-arts|7|careers-term-3
creative-arts|7|careers-term-4
creative-arts|7|create-in-2d
creative-arts|7|create-in-3d
creative-arts|7|create-in-3d-term-3
creative-arts|7|create-in-3d-term-4
creative-arts|7|dance-improvisation-and-composition
creative-arts|7|dance-improvisation-and-composition-term-1
creative-arts|7|dance-improvisation-and-composition-term-3
creative-arts|7|dance-performance
creative-arts|7|dance-theory-and-literacy-term-1
creative-arts|7|dance-theory-and-literacy-term-2
creative-arts|7|dance-theory-and-literacy-term-3
creative-arts|7|dance-theory-and-literacy-term-4
creative-arts|7|drama-elements-in-playmaking-term-1
creative-arts|7|drama-elements-in-playmaking-term-3
creative-arts|7|dramatic-skills-development
creative-arts|7|interpretation-and-performance-of-folktales-or-choral-verse
creative-arts|7|music-improvisation-and-composition
creative-arts|7|music-listening-term-1
creative-arts|7|music-listening-term-2
creative-arts|7|music-listening-term-3
creative-arts|7|music-listening-term-4
creative-arts|7|music-literacy
creative-arts|7|performing-and-creating
creative-arts|7|performing-and-creating-music-term-1
creative-arts|7|performing-and-creating-music-term-2
creative-arts|7|performing-and-creating-music-term-4
english-home-language|4|building-vocabulary-synonyms-and-antonyms
english-home-language|4|nouns-and-pronouns
english-home-language|4|punctuation-basics-sentences-and-capital-letters
english-home-language|5|adjectives-and-adverbs
english-home-language|5|finding-the-main-idea-and-summarising
english-home-language|5|persuasive-language-fact-versus-opinion
english-home-language|6|complex-sentences-and-conjunctions
english-home-language|6|direct-and-indirect-reported-speech
english-home-language|6|figurative-language-simile-and-metaphor
english-home-language|6|formal-versus-informal-language
english-home-language|6|persuasive-writing-writing-to-convince
english-home-language|7|active-and-passive-voice
english-home-language|7|figures-of-speech
english-home-language|7|media-texts-and-bias
english-home-language|7|types-of-sentences
life-skills|4|development-of-the-self-term-1
life-skills|4|development-of-the-self-term-2-emotions
life-skills|4|development-of-the-self-term-2-self-image-strengths
life-skills|4|health-and-environmental-responsibility-term-4
life-skills|4|social-responsibility-term-3-cultural-stories-values
life-skills|4|social-responsibility-term-3-rights-responsibilities
life-skills|5|development-of-the-self-term-1-emotions-safety
life-skills|5|development-of-the-self-term-1-self-concept-feedback
life-skills|5|social-responsibility-term-3
life-skills|6|development-of-the-self-term-1-body-image-self-esteem
life-skills|6|development-of-the-self-term-1-identity
life-skills|6|development-of-the-self-term-2-self-management-bullying
life-skills|6|health-and-environmental-responsibility-term-4-first-aid-safety
life-skills|6|health-and-environmental-responsibility-term-4-healthy-habits-environment
life-skills|6|movement-sequences-and-swimming-safety
life-skills|6|social-responsibility-term-2-rites-of-passage
life-skills|6|social-responsibility-term-3-caring-for-animals-people
life-skills|6|social-responsibility-term-3-human-rights
mathematics|4|1-1-whole-numbers
mathematics|4|1-1-whole-numbers-division
mathematics|4|1-1-whole-numbers-mental-mathematics
mathematics|4|divide-whole-numbers-with-at-least-3-digits-by-1-digit-whole-numbers
mathematics|4|even-and-odd-numbers
mathematics|4|example-place-values
mathematics|4|financial-mathematics-solving-problems-involving-money
mathematics|4|halving-1-2-and-3-digit-numbers
mathematics|4|number-lines-1-1-whole-numbers
mathematics|4|number-patterns-extending-number-sequences
mathematics|4|ratio-and-rate-solving-problems
mathematics|5|1-1-whole-numbers
mathematics|5|2-1-numeric-and-geometric-patterns
mathematics|5|3-2-transformation-geometry-transformations-tessellations
mathematics|5|addition-of-whole-numbers
mathematics|5|common-fractions
mathematics|5|decimal-fractions
mathematics|5|divide-whole-numbers-with-at-least-3-digits-by-2-digit-whole-numbers
mathematics|5|division-1-1-whole-numbers
mathematics|5|financial-mathematics-solving-problems-involving-money
mathematics|5|halving-1-2-and-3-digit-numbers-1-1-whole-numbers
mathematics|5|locate-position-on-a-grid-or-map
mathematics|5|mental-calculations
mathematics|5|mental-mathematics-1-1-whole-numbers
mathematics|5|place-values
mathematics|6|1-1-whole-numbers
mathematics|6|3-3-views-of-simple-3-d-draw-and-interpret-sketches-of-simple-3-objects
mathematics|6|counting-forwards-and-backwards-in-whole-numbers
mathematics|6|divisibility-rules-1-1-whole-numbers
mathematics|6|division-1-1-whole-numbers-mental-mathematics-1-1-whole-numbers
mathematics|6|division-of-at-least-4-numbers-by-3-digit-whole-numbers
mathematics|6|emphasize-the-special-names-for-very-large-numbers-1-million-1-milliard-1-billio
mathematics|6|rounding-off-whole-numbers
mathematics|6|subtraction-of-whole-numbers
mathematics|7|1-4-multiples-and-factors
mathematics|7|1-5-properties-of-rational-numbers
mathematics|7|2-1-numeric-and-geometric-patterns
mathematics|7|integers-operations
mathematics|7|multiples-of-natural-numbers
mathematics|7|properties-of-numbers
natural-sciences|4|energy-and-energy-sources
natural-sciences|4|habitats-and-adaptation
natural-sciences|4|life-cycles-of-animals
natural-sciences|4|materials-and-their-properties
natural-sciences|5|ecosystems-and-food-webs
natural-sciences|5|electric-circuits
natural-sciences|5|mixtures-and-separating-materials
natural-sciences|5|solids-liquids-and-gases
natural-sciences|6|metals-non-metals-and-conductors
natural-sciences|6|micro-organisms
natural-sciences|6|natural-resources-and-conservation
natural-sciences|6|planet-earth-rotation-day-and-night-and-seasons
natural-sciences|7|reproduction-in-living-things
natural-sciences|7|the-biosphere
social-sciences|4|communication-then-and-now
social-sciences|4|food-and-farming-in-south-africa
social-sciences|4|how-we-find-out-about-the-past-and-local-history
social-sciences|4|map-skills
social-sciences|4|people-who-have-made-a-difference
social-sciences|4|places-where-people-live-settlements
social-sciences|5|ancient-egypt-explorers-from-europe-find-southern-africa
social-sciences|5|map-skills-focus-africa
social-sciences|5|mining-and-minerals-in-south-africa
social-sciences|5|physical-features-of-south-africa
social-sciences|6|climate-and-vegetation-around-the-world
social-sciences|6|east-african-coast-trade-in-the-15th-century
social-sciences|6|map-skills-focus-the-world
social-sciences|6|population-why-people-live-where-they-do
social-sciences|7|dutch-settlement-and-slavery-at-the-cape
social-sciences|7|earthquakes-volcanoes-and-people
social-sciences|7|map-skills-focus-local-maps
social-sciences|7|natural-resources-and-conservation-in-south-africa
social-sciences|7|population-growth-and-change-focus-the-world
social-sciences|7|the-american-revolution-and-constitution
