afrikaans-first-additional-language|c4b6bef8-794f-421a-ba3d-d25a3df272ca
creative-arts|f96a5a05-733d-4725-b314-21ee44f66a82
economic-and-management-sciences|8add0bd9-0b7a-416a-9d9e-07996f4e3d0a
english-home-language|98c45d04-eaf0-4e75-bdd1-1aca1abef4a9
life-orientation|74562e5a-54cf-4bab-bc84-c5dd99a866a6
life-skills|3f8a1cc1-4d4e-4980-9e56-e799950cfb98
mathematics|f8c75f6b-80cf-47e3-85ba-1bcfebb63d7c
natural-sciences|5ee35d36-82a4-4860-b48b-662e505aa3ab
social-sciences|6374890a-27e6-49b9-b8d6-f3f258771679
technology|1b0bff15-97b9-4836-96af-e9da26877ebd
