7edbb513-bf97-4ed8-9ad7-3fc9be7a9034|eenvoudige-sinne-bou|afrikaans-first-additional-language|4|NOT_VALIDATED|Eenvoudige sinne bou
bc0bfe55-a965-434e-b770-88f2b2e12dff|groete-en-jouself-voorstel|afrikaans-first-additional-language|4|NOT_VALIDATED|Groete en jouself voorstel
ff26edd2-553c-4131-aa5f-f80a67afcce9|kleure-en-getalle|afrikaans-first-additional-language|4|NOT_VALIDATED|Kleure en getalle
679e1d9a-e566-4f85-b297-1b0d0133a2d7|selfstandige-naamwoorde-dinge-in-die-klaskamer|afrikaans-first-additional-language|4|NOT_VALIDATED|Selfstandige naamwoorde: dinge in die klaskamer
2a0ca2f9-c9bd-4bae-835c-78fc2b519e19|vraagwoorde-wie-wat-waar|afrikaans-first-additional-language|4|NOT_VALIDATED|Vraagwoorde: wie, wat, waar
bf9bb3a0-a4b2-4489-8afd-5d3f0c2543b3|die-weer-en-die-seisoene|afrikaans-first-additional-language|5|NOT_VALIDATED|Die weer en die seisoene
df607eea-a0f0-4cda-b133-ad49c11f4312|leesbegrip-kort-tekste|afrikaans-first-additional-language|5|NOT_VALIDATED|Leesbegrip: kort tekste
e8a36b5b-64e0-465b-91e9-68ace2665ecf|my-familie|afrikaans-first-additional-language|5|NOT_VALIDATED|My familie
89787fc7-b9fb-4476-a77a-611c0bf52bdc|voorsetsels-op-in-onder-langs|afrikaans-first-additional-language|5|NOT_VALIDATED|Voorsetsels: op, in, onder, langs
6323d0c0-cd09-4aa1-84a1-83e19dc40946|werkwoorde-in-die-teenwoordige-tyd|afrikaans-first-additional-language|5|NOT_VALIDATED|Werkwoorde in die teenwoordige tyd
63930749-2214-4a2a-9879-6360a55b8445|by-die-winkel-alledaagse-woordeskat|afrikaans-first-additional-language|6|NOT_VALIDATED|By die winkel: alledaagse woordeskat
d92dcd06-54bd-41c1-94d1-7c983ab93b85|byvoeglike-naamwoorde|afrikaans-first-additional-language|6|NOT_VALIDATED|Byvoeglike naamwoorde
23975c49-da98-4827-8f4b-18aab9e066b0|meervoude|afrikaans-first-additional-language|6|NOT_VALIDATED|Meervoude
0a1e4706-7bde-43c2-910e-0f4743c06624|skryf-van-n-kort-paragraaf|afrikaans-first-additional-language|6|NOT_VALIDATED|Skryf van 'n kort paragraaf
54839496-e2bc-4cfc-b32b-f04be06627ec|werkwoorde-in-die-verlede-tyd|afrikaans-first-additional-language|6|NOT_VALIDATED|Werkwoorde in die verlede tyd
40047e1d-b3ee-4a28-aa9b-4ce0b3f8f661|direkte-en-indirekte-rede|afrikaans-first-additional-language|7|NOT_VALIDATED|Direkte en indirekte rede
e20b42b4-2b91-4e23-ae98-b16550d956c0|idiome-en-uitdrukkings|afrikaans-first-additional-language|7|NOT_VALIDATED|Idiome en uitdrukkings
30d144c0-8214-44bd-8aa4-631fba9417c9|lydende-en-bedrywende-vorm|afrikaans-first-additional-language|7|NOT_VALIDATED|Lydende en bedrywende vorm
cc65653b-d2ef-4269-aafc-4ab2d98c9755|trappe-van-vergelyking|afrikaans-first-additional-language|7|NOT_VALIDATED|Trappe van vergelyking
5e7f675e-2560-4bf9-97c2-b9ad8a3780b3|voegwoorde|afrikaans-first-additional-language|7|NOT_VALIDATED|Voegwoorde
dae66ffa-bd0a-430f-baa3-682cc0baec93|werkwoorde-in-die-toekomende-tyd|afrikaans-first-additional-language|7|NOT_VALIDATED|Werkwoorde in die toekomende tyd
26edcf51-27a3-49bf-8d6a-a4af0f0eef09|careers-term-1|creative-arts|7|AUTO_VERIFIED|Careers (Term 1)
e4115655-ed03-43ce-ab89-28336c986baa|careers-term-2|creative-arts|7|AUTO_VERIFIED|Careers (Term 2)
28058e8a-4971-46db-a18f-96ed8246c566|careers-term-3|creative-arts|7|AUTO_VERIFIED|Careers (Term 3)
e6bc2a2e-77e0-46c3-8151-5f6c363f1a90|careers-term-4|creative-arts|7|AUTO_VERIFIED|Careers (Term 4)
3ba8945d-1e64-47a7-ad5d-20f77f476bf8|create-in-2d|creative-arts|7|REVIEW_REQUIRED|Create in 2D
822b6ba0-24dc-45ab-835c-8095dae19064|create-in-3d|creative-arts|7|REVIEW_REQUIRED|Create in 3D
57464cca-1c6b-496a-9c3e-a5a9943740e9|create-in-3d-term-3|creative-arts|7|AUTO_VERIFIED|Create in 3D (Term 3)
edfe4eca-05e3-44b0-9d44-b78caa535718|create-in-3d-term-4|creative-arts|7|AUTO_VERIFIED|Create in 3D (Term 4)
d0f6937d-ceee-4ffb-9b1e-f508b67fdb13|dance-improvisation-and-composition|creative-arts|7|REVIEW_REQUIRED|Dance improvisation and composition
302a9865-98b7-4320-a610-7573b9252724|dance-improvisation-and-composition-term-1|creative-arts|7|AUTO_VERIFIED|Dance improvisation and composition (Term 1)
83f0c283-23ab-4b53-b785-31281da85cbb|dance-improvisation-and-composition-term-3|creative-arts|7|AUTO_VERIFIED|Dance improvisation and composition (Term 3)
22f067f0-7ae0-4bbd-95f3-5c79955ec324|dance-performance|creative-arts|7|REVIEW_REQUIRED|Dance performance
4eaab951-e063-467f-9b64-641b84e292af|dance-theory-and-literacy-term-1|creative-arts|7|AUTO_VERIFIED|Dance theory and literacy (Term 1)
e63c9b12-bc58-4c16-abdb-4c97efd7ad69|dance-theory-and-literacy-term-2|creative-arts|7|AUTO_VERIFIED|Dance theory and literacy (Term 2)
34906745-d73b-4b26-a3a9-27d04e90dfbf|dance-theory-and-literacy-term-3|creative-arts|7|AUTO_VERIFIED|Dance theory and literacy (Term 3)
d8a2d96d-9f37-410c-89c3-1eed54c83e35|dance-theory-and-literacy-term-4|creative-arts|7|AUTO_VERIFIED|Dance theory and literacy (Term 4)
d2f943d7-0341-4581-b7c9-56f2bd682707|drama-elements-in-playmaking-term-1|creative-arts|7|AUTO_VERIFIED|Drama elements in playmaking (Term 1)
4b2c1683-f48d-4ca1-8b54-d71221853b84|drama-elements-in-playmaking-term-3|creative-arts|7|AUTO_VERIFIED|Drama elements in playmaking (Term 3)
e8523045-b72b-426b-afd6-f830177a566d|dramatic-skills-development|creative-arts|7|REVIEW_REQUIRED|Dramatic skills development
5f68b800-733c-4075-a3d5-370f82bf139b|interpretation-and-performance-of-folktales-or-choral-verse|creative-arts|7|REVIEW_REQUIRED|Interpretation and performance of folktales or choral verse
1767d154-dde9-420e-95fe-71891af91a86|music-improvisation-and-composition|creative-arts|7|REVIEW_REQUIRED|Music improvisation and composition
40c0cd81-dcb0-48d8-aca3-1e80f5662177|music-listening-term-1|creative-arts|7|AUTO_VERIFIED|Music listening (Term 1)
a211c806-2c8c-44d0-8149-4908664cb022|music-listening-term-2|creative-arts|7|AUTO_VERIFIED|Music listening (Term 2)
65c7c21c-04ae-42cc-bfb4-13d2a9fc296f|music-listening-term-3|creative-arts|7|AUTO_VERIFIED|Music listening (Term 3)
8f1ee60d-1fd3-43e6-9966-740825a512e3|music-listening-term-4|creative-arts|7|AUTO_VERIFIED|Music listening (Term 4)
ad8ecd63-ae6c-4add-88dd-2bd66cfa9d0d|music-literacy|creative-arts|7|REVIEW_REQUIRED|Music literacy
a1fd91c7-b12f-49d4-a4a2-894fc7b0110d|performing-and-creating|creative-arts|7|AUTO_VERIFIED|Performing and Creating
2ec45331-2ef4-4f19-9e4e-9f4410075cff|performing-and-creating-music-term-1|creative-arts|7|AUTO_VERIFIED|Performing and creating music (Term 1)
299b9573-fc32-4680-9b69-03960eae4b56|performing-and-creating-music-term-2|creative-arts|7|AUTO_VERIFIED|Performing and creating music (Term 2)
fc591be2-bfc8-44a4-baa5-a1cb705d6b14|performing-and-creating-music-term-4|creative-arts|7|AUTO_VERIFIED|Performing and creating music (Term 4)
6669ef89-6f97-4375-b1f9-7f07bb2a686b|visual-literacy|creative-arts|7|REVIEW_REQUIRED|Visual literacy
ed84b1c6-96d9-4ab3-9779-a8786b4f3fa2|visual-literacy-term-2|creative-arts|7|AUTO_VERIFIED|Visual literacy (Term 2)
487b5799-3fe9-4505-99e1-cc21739d6465|visual-literacy-term-3|creative-arts|7|AUTO_VERIFIED|Visual literacy (Term 3)
68c2e308-909c-4889-89af-f488f1b52060|building-vocabulary-synonyms-and-antonyms|english-home-language|4|NOT_VALIDATED|Building vocabulary: synonyms and antonyms
d3a829ab-00c8-4900-9163-f73980b8e926|nouns-and-pronouns|english-home-language|4|NOT_VALIDATED|Nouns and pronouns
c82a2481-f0ea-4386-ab58-f705c280553a|punctuation-basics-sentences-and-capital-letters|english-home-language|4|NOT_VALIDATED|Punctuation basics: sentences and capital letters
876d6605-4f45-49df-bacd-1c3f3f1fbcbc|understanding-a-story-characters-setting-and-plot|english-home-language|4|NOT_VALIDATED|Understanding a story: characters, setting and plot
7d0019d5-5fde-40f0-a269-72631f56995b|writing-a-friendly-letter|english-home-language|4|NOT_VALIDATED|Writing a friendly letter
82cb8346-3fba-43e8-8122-be29ff612ea2|adjectives-and-adverbs|english-home-language|5|NOT_VALIDATED|Adjectives and adverbs
4fb99702-ad37-4d99-a727-9312b9ba1d9c|finding-the-main-idea-and-summarising|english-home-language|5|NOT_VALIDATED|Finding the main idea and summarising
ce6f1bba-7a32-46ad-9910-5dcb29cd74ca|persuasive-language-fact-versus-opinion|english-home-language|5|NOT_VALIDATED|Persuasive language: fact versus opinion
8af43d40-235c-44dd-aee3-75f8710770fc|verbs-and-tenses-past-present-and-future|english-home-language|5|NOT_VALIDATED|Verbs and tenses: past, present and future
91d48096-bad7-408c-97b8-05fdef319a24|writing-a-descriptive-paragraph|english-home-language|5|NOT_VALIDATED|Writing a descriptive paragraph
b28d2e6e-516c-46fa-8c0d-c8190fe78b4a|complex-sentences-and-conjunctions|english-home-language|6|NOT_VALIDATED|Complex sentences and conjunctions
a5742273-68e4-410b-ad57-0a84065a2e97|direct-and-indirect-reported-speech|english-home-language|6|NOT_VALIDATED|Direct and indirect (reported) speech
6a664277-894c-46b5-9597-9fd98bd354e4|figurative-language-simile-and-metaphor|english-home-language|6|NOT_VALIDATED|Figurative language: simile and metaphor
eb240beb-deb2-48fc-a6b9-e89183ac5054|formal-versus-informal-language|english-home-language|6|NOT_VALIDATED|Formal versus informal language
fc78c641-7399-4a10-93ed-1f379c022260|persuasive-writing-writing-to-convince|english-home-language|6|NOT_VALIDATED|Persuasive writing: writing to convince
a27e27b8-55ec-432f-8ae2-4f46ee2b514e|active-and-passive-voice|english-home-language|7|NOT_VALIDATED|Active and passive voice
a4b12bb5-feac-4edb-a8fc-05965c31d68e|figures-of-speech|english-home-language|7|NOT_VALIDATED|Figures of speech: personification, alliteration and idioms
a4e20cd2-d6fc-4c9f-9c2d-540439cb09ae|media-texts-and-bias|english-home-language|7|NOT_VALIDATED|Media texts: fact, opinion and bias
00738eef-011c-4146-8fda-3a858c331438|types-of-sentences|english-home-language|7|NOT_VALIDATED|Simple, compound and complex sentences
abe0ce88-9bc2-4a5d-b295-7db0603c5302|understanding-poetry|english-home-language|7|NOT_VALIDATED|Understanding poetry: stanza, rhyme and imagery
0bfdef3d-bca0-4b59-b847-068980b0712b|writing-a-formal-letter|english-home-language|7|NOT_VALIDATED|Writing a formal letter
3322ff95-6e47-4d3d-8c49-f585b55b0ae7|development-of-the-self-term-1|life-skills|4|AUTO_VERIFIED|Development of the self (Term 1)
0403a81d-299e-41a0-be70-8afe7a4efeca|development-of-the-self-term-2-emotions|life-skills|4|AUTO_VERIFIED|Development of the self (Term 2: Emotions)
f5d5f2d3-a716-448a-9923-85d10e3b9740|development-of-the-self-term-2-self-image-strengths|life-skills|4|CONFLICTING|Development of the self (Term 2: Self-image & Strengths)
07f30223-6708-47b9-9f71-b72b5fd9d273|health-and-environmental-responsibility-term-4|life-skills|4|AUTO_VERIFIED|Health and environmental responsibility (Term 4)
3fe702e2-aee1-4283-a1a9-bcc59b2cf203|social-responsibility-term-3-cultural-stories-values|life-skills|4|AUTO_VERIFIED|Social responsibility (Term 3: Cultural Stories & Values)
59a259ec-8433-4e64-9352-ce2b947bc64d|social-responsibility-term-3-rights-responsibilities|life-skills|4|CONFLICTING|Social responsibility (Term 3: Rights & Responsibilities)
b2da8b85-88fe-4617-93e2-bb6c2c647553|topic-1-create-in-2d-creative-lettering-and-or-pattern-making|life-skills|4|AUTO_VERIFIED|Topic 1: Create in 2D, creative lettering and/ or pattern-making
50e88b7e-87cd-4860-8db1-6cfbd1ae5de3|topic-1-create-in-2d-family-and-friends|life-skills|4|AUTO_VERIFIED|Topic 1: Create in 2D, family and friends
0247ae86-af2b-4c39-9b43-0655a4c068d3|topic-1-create-in-2d-the-natural-world|life-skills|4|AUTO_VERIFIED|Topic 1: Create in 2D, the natural world
d2350cb7-a47e-4682-b803-eb7d27e64e86|topic-1-create-in-2d-wild-or-domestic-animals-and-their-environment|life-skills|4|AUTO_VERIFIED|Topic 1: Create in 2D, wild or domestic animals and their environment
db8ecd3a-88d1-4ab5-adeb-8010c1c0a5ea|topic-2-create-in-3d-a-kite-dream-catcher-bird-feeder|life-skills|4|AUTO_VERIFIED|Topic 2: Create in 3D, a kite/dream catcher/ bird feeder
1389a16d-e196-4185-a73c-fc9235081f81|topic-2-create-in-3d-mobiles-or-stabiles|life-skills|4|AUTO_VERIFIED|Topic 2: Create in 3D, mobiles or stabiles
5a58f35e-6339-4466-a527-30fae1dee754|topic-2-create-in-3d-self-and-others|life-skills|4|AUTO_VERIFIED|Topic 2: Create in 3D, self and others
79f5314a-dda5-4416-bc81-1b2e71542f8a|topic-2-create-in-3d-wild-or-domestic-animals|life-skills|4|AUTO_VERIFIED|Topic 2: Create in 3D, wild or domestic animals
6a9b7ec8-4396-47bd-a8f7-acb667bb9585|visual-literacy-term-1|life-skills|4|AUTO_VERIFIED|Visual literacy (Term 1)
b3c173cf-bc86-463d-a493-eeb5f96d9df0|visual-literacy-term-2|life-skills|4|AUTO_VERIFIED|Visual literacy (Term 2)
689c507d-9cb0-47a4-a170-292c0ccb593c|visual-literacy-term-3|life-skills|4|AUTO_VERIFIED|Visual literacy (Term 3)
6268519d-404b-4398-8df9-4f980b20fc8d|visual-literacy-term-4|life-skills|4|AUTO_VERIFIED|Visual literacy (Term 4)
aa5080ad-b6a9-4961-ab93-2804266b5048|development-of-the-self-term-1-emotions-safety|life-skills|5|CONFLICTING|Development of the self (Term 1: Emotions & Safety)
414a5d3d-0931-40ac-bf18-a70f384ec2b4|development-of-the-self-term-1-self-concept-feedback|life-skills|5|AUTO_VERIFIED|Development of the self (Term 1: Self-concept & Feedback)
2fd36b54-ccf3-4608-9786-44c5147ae64e|social-responsibility-term-3|life-skills|5|AUTO_VERIFIED|Social responsibility (Term 3)
daae4e57-9ac4-4b22-bb32-eae2a3db9088|topic-1-create-in-2d-creative-lettering-and-or-pattern-making|life-skills|5|AUTO_VERIFIED|Topic 1: Create in 2D, creative lettering and/ or pattern-making
86a768b0-a6f1-492b-8eea-c50a43db3486|topic-1-create-in-2d-images-of-self-and-others-in-local-environment|life-skills|5|AUTO_VERIFIED|Topic 1: Create in 2D, images of self and others in local environment
2ced6366-886d-41b7-868a-1a77f659f091|topic-1-create-in-2d-reptiles-insects-etc-in-their-environment|life-skills|5|AUTO_VERIFIED|Topic 1: Create in 2D, reptiles, insects, etc. in their environment
1f6fbc8e-b4f3-41ad-8d2e-c7d57b8d6de2|topic-2-create-in-3d-african-body-adornment|life-skills|5|AUTO_VERIFIED|Topic 2: Create in 3D, African body adornment
dbcdb396-6e8e-406e-928a-9ee24bbbc052|topic-2-create-in-3d-reptiles-insects-etc|life-skills|5|AUTO_VERIFIED|Topic 2: Create in 3D, reptiles, insects, etc.
1ed8fff5-4f28-4e3e-972a-99d39bcfe2a2|topic-2-create-in-3d-self-and-others-in-local-environment|life-skills|5|AUTO_VERIFIED|Topic 2: Create in 3D, self and others in local environment
ac332d6a-2935-4d90-86b2-73d00dad2324|visual-literacy-term-1|life-skills|5|AUTO_VERIFIED|Visual literacy (Term 1)
c7835038-7c55-4328-a90b-6c5c9c999ea4|visual-literacy-term-2|life-skills|5|AUTO_VERIFIED|Visual literacy (Term 2)
054f9e9a-f909-43c3-971f-ea64f5d273cb|visual-literacy-term-3|life-skills|5|AUTO_VERIFIED|Visual literacy (Term 3)
1f8b4a3c-daf8-4293-a8d8-c9efbd48ee8d|visual-literacy-term-4|life-skills|5|AUTO_VERIFIED|Visual literacy (Term 4)
505bfef6-cc3a-479d-be2f-8cdb6032c388|development-of-the-self-term-1-body-image-self-esteem|life-skills|6|AUTO_VERIFIED|Development of the self (Term 1: Body Image & Self-esteem)
b1a707f3-63ca-4fa1-9b45-839b6d82c5b3|development-of-the-self-term-1-identity|life-skills|6|CONFLICTING|Development of the self (Term 1: Identity)
388c30f2-4973-4763-8626-85bd6fad049e|development-of-the-self-term-2-self-management-bullying|life-skills|6|AUTO_VERIFIED|Development of the self (Term 2: Self-management & Bullying)
41d3dac1-20df-422b-ac6d-05e0621d0ec2|health-and-environmental-responsibility-term-4-first-aid-safety|life-skills|6|AUTO_VERIFIED|Health and environmental responsibility (Term 4: First Aid & Safety)
c9212015-ac49-405a-8553-5b6e08ab3853|health-and-environmental-responsibility-term-4-healthy-habits-environment|life-skills|6|CONFLICTING|Health and environmental responsibility (Term 4: Healthy Habits & Environment)
b82d60d4-6669-4de1-8703-76dc8ca9cbdb|movement-sequences-and-swimming-safety|life-skills|6|REVIEW_REQUIRED|Movement sequences and swimming safety
a31fdaa0-faf7-4f4e-85b6-b1a8e56d2001|social-responsibility-term-2-rites-of-passage|life-skills|6|AUTO_VERIFIED|Social responsibility (Term 2: Rites of Passage)
044f0467-309c-485f-adfe-6a7239d7608f|social-responsibility-term-3-caring-for-animals-people|life-skills|6|AUTO_VERIFIED|Social responsibility (Term 3: Caring for Animals & People)
c75e7644-ccda-4ad7-b246-3c19a045cc64|social-responsibility-term-3-human-rights|life-skills|6|CONFLICTING|Social responsibility (Term 3: Human Rights)
f4870594-7ee9-4690-85dd-2c9eccf4f732|topic-1-create-in-2d-buildings-architecture-and-the-environment|life-skills|6|AUTO_VERIFIED|Topic 1: Create in 2D, buildings, architecture and the environment
b7d24ca4-ebd4-405a-ab5b-f2c044b98875|topic-1-create-in-2d-creative-lettering-and-or-radiating-pattern-making|life-skills|6|AUTO_VERIFIED|Topic 1: Create in 2D, creative lettering and/ or radiating pattern-making
fd0a4176-c0d3-4b24-ae0e-bbc3e74f0152|topic-1-create-in-2d-images-of-people-and-or-objects|life-skills|6|AUTO_VERIFIED|Topic 1: Create in 2D, images of people and/ or objects
81be86de-7187-4131-a578-facc6eb7d25c|topic-2-create-in-3d-or-relief-buildings-architecture-and-the-environment|life-skills|6|AUTO_VERIFIED|Topic 2: Create in 3D or relief, buildings, architecture and the environment
369826b2-f2c8-41c4-8c84-ab793ac53271|topic-2-create-in-3d-a-relief-mandala-radiating-pattern|life-skills|6|AUTO_VERIFIED|Topic 2: Create in 3D, a relief mandala/ radiating pattern
f8d29b3c-4252-47b6-b69c-1ed3277f769f|topic-2-create-in-3d-modeling-images|life-skills|6|AUTO_VERIFIED|Topic 2: Create in 3D, modeling images
832cc6ef-fbe2-4723-96c5-866395e37195|visual-literacy-term-1|life-skills|6|AUTO_VERIFIED|Visual literacy (Term 1)
5992d15c-bd74-4bc4-a347-e14f54e335c6|visual-literacy-term-2|life-skills|6|AUTO_VERIFIED|Visual literacy (Term 2)
c9f25873-26a4-4b3b-854f-5abe2a21ee69|visual-literacy-term-3|life-skills|6|AUTO_VERIFIED|Visual literacy (Term 3)
2150cd42-4f1c-491c-a39a-801ecc513113|visual-literacy-term-4|life-skills|6|AUTO_VERIFIED|Visual literacy (Term 4)
04371876-a7ae-4d9d-87cb-44706b5ca1d4|1-1-whole-numbers|mathematics|4|AUTO_VERIFIED|1.1. Whole numbers
2b1ad8c2-dcfa-4153-b444-f802132a7229|1-1-whole-numbers-division|mathematics|4|AUTO_VERIFIED|1.1. Whole numbers DIVISION
63d6d064-ae53-4968-bbb3-a484165546f1|1-1-whole-numbers-mental-mathematics|mathematics|4|AUTO_VERIFIED|1.1. Whole numbers Mental mathematics
00b0baa7-b80c-4bee-917f-5e4f0a71b71d|divide-whole-numbers-with-at-least-3-digits-by-1-digit-whole-numbers|mathematics|4|AUTO_VERIFIED|Divide whole numbers with at least 3 digits by 1-digit whole numbers.
4a7f780a-f831-4e87-a435-4f820c8da9a6|even-and-odd-numbers|mathematics|4|AUTO_VERIFIED|Even and odd numbers
6e7ba942-e666-4957-98e1-1cd934db220d|example-place-values|mathematics|4|AUTO_VERIFIED|Example Place values
4eb1fb48-dc53-45da-8373-a57e1f968a5d|financial-mathematics-solving-problems-involving-money|mathematics|4|AUTO_VALIDATED|Financial Mathematics: solving problems involving money
33bd6ba8-3570-4afc-b295-c494d5ac9c81|halving-1-2-and-3-digit-numbers|mathematics|4|AUTO_VERIFIED|Halving 1 , 2 and 3 digit numbers.
486dcf64-57c7-449e-a0ed-e44c7f58c695|number-lines-1-1-whole-numbers|mathematics|4|AUTO_VERIFIED|Number lines 1.1. Whole numbers
4dfbafb2-cf7e-48ed-a6fe-2a2f7b4cb78f|number-patterns-extending-number-sequences|mathematics|4|AUTO_VALIDATED|Number patterns: extending number sequences
1769c4ad-e236-4136-9262-f0838b4785ce|ratio-and-rate-solving-problems|mathematics|4|AUTO_VALIDATED|Ratio and rate: solving problems
13effe88-20d6-44ea-a4a4-95a3b752c7d9|the-place-value-of-a-b-c-d|mathematics|4|AUTO_VERIFIED|The place value of: a) b) c) d)
570c986d-beb7-4a9e-afd7-440b0bca5258|whole-numbers-counting-forwards-and-backwards|mathematics|4|AUTO_VALIDATED|Whole numbers: counting forwards and backwards
a713a7f2-6308-46a4-9484-2c04ddc5c6b3|whole-numbers-place-value|mathematics|4|AUTO_VALIDATED|Whole numbers: place value
46a3b9c7-0ea9-4e5e-8441-e9745ef025bf|1-1-whole-numbers|mathematics|5|AUTO_VERIFIED|1.1 Whole numbers
c4f3dd61-f866-4d0c-bd41-4d23b0e6c85a|2-1-numeric-and-geometric-patterns|mathematics|5|AUTO_VERIFIED|2.1 Numeric and Geometric patterns
c387b0db-152f-42ae-baf4-bfc090c9ecf0|3-2-transformation-geometry-transformations-tessellations|mathematics|5|AUTO_VERIFIED|3.2 Transformation Geometry Transformations Tessellations
e630327c-f629-4a51-a1d0-6b14680b586f|addition-of-whole-numbers|mathematics|5|AUTO_VALIDATED|Addition of whole numbers
670c87de-a82f-4e1a-b4ab-4788683ef096|common-fractions|mathematics|5|AUTO_VALIDATED|Common fractions
eed236e2-51cc-4bc2-baf8-6f00425bc2e5|decimal-fractions|mathematics|5|AUTO_VERIFIED|Decimal fractions
b7a5494e-f9ee-4f27-938a-a91b215f61d0|divide-whole-numbers-with-at-least-3-digits-by-2-digit-whole-numbers|mathematics|5|AUTO_VERIFIED|Divide whole numbers with at least 3 digits by 2 digit whole numbers
2c7bbcbc-b049-4471-bef0-cbe1ab3b5fd7|division-1-1-whole-numbers|mathematics|5|AUTO_VERIFIED|DIVISION 1.1 Whole numbers
6edf215b-9d90-458d-92cb-1af23797798b|financial-mathematics-solving-problems-involving-money|mathematics|5|REVIEW_REQUIRED|Financial Mathematics: solving problems involving money
a6ec639f-25fb-4177-801c-66244085b3d0|halving-1-2-and-3-digit-numbers-1-1-whole-numbers|mathematics|5|AUTO_VERIFIED|Halving 1, 2 and 3 digit numbers 1.1 Whole numbers
e6c8e14f-fc21-4365-97a4-30bbae7ac9d8|locate-position-on-a-grid-or-map|mathematics|5|AUTO_VERIFIED|Locate position on a grid or map
04664108-8509-450a-9e42-e6c210813701|mental-calculations|mathematics|5|AUTO_VERIFIED|Mental calculations
6660188c-a5f4-4dc6-8294-da321489fed3|mental-mathematics-1-1-whole-numbers|mathematics|5|AUTO_VERIFIED|Mental mathematics 1.1 Whole numbers
cb6a9ca7-14d0-48c8-b7cb-b5b881d85a58|place-values|mathematics|5|AUTO_VERIFIED|Place values
123a32e6-b0f8-49e3-a871-67cd963dbdd3|subtraction-of-whole-numbers|mathematics|5|AUTO_VALIDATED|Subtraction of whole numbers
8b9528ba-bd43-433d-b544-21dd20f3fc15|views-of-simple3-d-objects|mathematics|5|AUTO_VERIFIED|Views of simple3-D objects
8765dd43-308f-4b70-9f77-9578075cea67|whole-numbers|mathematics|5|CONFLICTING|Whole numbers
3287332f-e4a0-43c3-8e0e-54932867adfc|1-1-whole-numbers|mathematics|6|AUTO_VERIFIED|1.1 Whole Numbers
e1c54c65-ce63-4c75-93fb-cd14703a1567|3-3-views-of-simple-3-d-draw-and-interpret-sketches-of-simple-3-objects|mathematics|6|AUTO_VERIFIED|3.3 Views of simple 3-D Draw and interpret sketches of simple 3 objects
67466147-2168-4b9a-9aed-63c83d22bd14|counting-forwards-and-backwards-in-whole-numbers|mathematics|6|REVIEW_REQUIRED|Counting forwards and backwards in whole numbers
0fdb4f4f-9e49-4281-aa11-3b9be2e69ab1|divisibility-rules-1-1-whole-numbers|mathematics|6|AUTO_VERIFIED|Divisibility rules 1.1 Whole Numbers
c1484cad-d620-4174-9222-b8e65bc124b6|division-1-1-whole-numbers-mental-mathematics-1-1-whole-numbers|mathematics|6|AUTO_VERIFIED|DIVISION 1.1 Whole Numbers Mental mathematics 1.1 Whole Numbers
299990b5-a020-4ba5-bfa2-a013ba1d0374|division-of-at-least-4-numbers-by-3-digit-whole-numbers|mathematics|6|AUTO_VERIFIED|Division of at least 4- numbers by 3-digit whole numbers
3390a940-174e-4062-9355-f733a30a9ad1|emphasize-the-special-names-for-very-large-numbers-1-million-1-milliard-1-billio|mathematics|6|AUTO_VERIFIED|Emphasize: The special names for very large numbers: 1 million, 1 milliard, 1 billion, 1 trillion
deb320fd-79dd-4715-8268-78ab1c6bcd6d|rounding-off-whole-numbers|mathematics|6|REVIEW_REQUIRED|Rounding off whole numbers
0aed7beb-d501-4a46-a7db-68b82d5d6b7a|subtraction-of-whole-numbers|mathematics|6|REVIEW_REQUIRED|Subtraction of whole numbers
9f557545-43dd-4ffa-b666-4b2d43483324|transformations|mathematics|6|AUTO_VALIDATED|Transformations
33c429fb-272a-41b2-8a8d-ba9688d98392|1-4-multiples-and-factors|mathematics|7|AUTO_VERIFIED|1.4. Multiples and Factors
af2f4b93-2d64-4db3-a3fc-b3a42aa860b9|1-5-properties-of-rational-numbers|mathematics|7|AUTO_VERIFIED|1.5. Properties of Rational Numbers
252247bc-b9f8-494b-8724-aea6247fd3f7|2-1-numeric-and-geometric-patterns|mathematics|7|AUTO_VERIFIED|2.1 Numeric and Geometric patterns
01f5d197-bd3b-4bb9-9110-93ffb8d696d3|integers-operations|mathematics|7|AUTO_VALIDATED|Integers: operations
b76128fc-fa90-4660-bcdf-5e3878318df6|multiples-of-natural-numbers|mathematics|7|AUTO_VERIFIED|Multiples of natural numbers
50227dcb-126d-4a0c-9cb9-dcb497747fab|properties-of-numbers|mathematics|7|AUTO_VERIFIED|Properties of numbers
6a766c0e-b9e1-4be8-90ac-4d251a08a7f2|the-properties-of-0-and-1|mathematics|7|AUTO_VERIFIED|The properties of 0 and 1
5b8e0cab-2044-4197-9b97-f98a851cf5fd|energy-and-energy-sources|natural-sciences|4|NOT_VALIDATED|Energy and energy sources
8eaaaf5d-0994-4296-9818-6937cf978f7d|habitats-and-adaptation|natural-sciences|4|NOT_VALIDATED|Habitats and adaptation
d085ec69-2b71-4e98-9e9e-bb5b96c6c2fe|life-cycles-of-animals|natural-sciences|4|NOT_VALIDATED|Life cycles of animals
236f2c31-0345-4404-aa7b-9a744f4ea7b7|materials-and-their-properties|natural-sciences|4|NOT_VALIDATED|Materials and their properties
84329af2-e1a4-4d05-988f-15f5e038b9a8|the-sun-our-source-of-light-and-heat|natural-sciences|4|NOT_VALIDATED|The sun: our source of light and heat
0a64d9d7-f550-4a4d-a4a3-a877eadf5ad4|vertebrates-and-invertebrates|natural-sciences|4|NOT_VALIDATED|Vertebrates and invertebrates
405512d8-e9a5-4432-9126-554a48a22c83|ecosystems-and-food-webs|natural-sciences|5|NOT_VALIDATED|Ecosystems and food webs
55c279ad-067f-43a8-b1ae-8d3f513b314d|electric-circuits|natural-sciences|5|NOT_VALIDATED|Electric circuits
2eb7220b-4740-44b0-8b5f-232bf0ff8315|mixtures-and-separating-materials|natural-sciences|5|NOT_VALIDATED|Mixtures and separating materials
0d71d4d9-856b-4046-95ac-26f6efcfd76f|solids-liquids-and-gases|natural-sciences|5|NOT_VALIDATED|Solids, liquids and gases
86045b23-77b2-4a77-976b-c22e14e5172c|the-water-cycle|natural-sciences|5|NOT_VALIDATED|The water cycle
19bcc01d-5411-4013-a233-b88a0fadf6c6|vertebrate-skeletons-and-movement|natural-sciences|5|NOT_VALIDATED|Vertebrate skeletons and movement
40253cd2-08d5-4c2e-af14-c666363514b8|metals-non-metals-and-conductors|natural-sciences|6|NOT_VALIDATED|Metals, non-metals and conductors
c23073ac-8be1-4172-85bd-07f5c5f9cf62|micro-organisms|natural-sciences|6|NOT_VALIDATED|Micro-organisms
fa0c7233-b056-404c-8e13-559d58a977a2|natural-resources-and-conservation|natural-sciences|6|NOT_VALIDATED|Natural resources and conservation
85a31590-5b98-4ccb-83e9-273055c42d51|planet-earth-rotation-day-and-night-and-seasons|natural-sciences|6|NOT_VALIDATED|Planet Earth: rotation, day and night, and seasons
367dde06-2498-47f3-b319-c1b8f5601b9d|the-human-skeleton-and-muscles|natural-sciences|6|NOT_VALIDATED|The human skeleton and muscles
e9d2fcee-1878-4759-beb3-3b52d3bb0c90|types-of-energy-and-energy-transfer|natural-sciences|6|NOT_VALIDATED|Types of energy and energy transfer
bad1a49f-e2d9-4d15-a99e-b9cc5f200cf0|reproduction-in-living-things|natural-sciences|7|AUTO_VALIDATED|Reproduction in living things
5695b2b2-60f8-4ff2-805b-0707607e5b3c|sun-earth-moon-relationships|natural-sciences|7|AUTO_VALIDATED|Sun-Earth-Moon relationships
08308fdc-d88a-4f07-a5ba-82bd79828d39|the-biosphere|natural-sciences|7|AUTO_VALIDATED|The biosphere
8ffcb494-f583-428f-b0de-f2ce29f6d9c9|variation-among-living-things|natural-sciences|7|AUTO_VALIDATED|Variation among living things
16c5b4e8-02ac-4e9d-b8f6-a1dd9028e919|communication-then-and-now|social-sciences|4|AUTO_VERIFIED|Communication then and now
50cb2a0a-628c-47fd-962e-0cf1914182bd|food-and-farming-in-south-africa|social-sciences|4|REVIEW_REQUIRED|Food and farming in South Africa
28e28cc2-2aaa-4776-a275-3363801daa99|how-we-find-out-about-the-past-and-local-history|social-sciences|4|AUTO_VERIFIED|How we find out about the past and local history
b7bd10b3-2672-49b6-8448-50c2e31d98ae|map-skills|social-sciences|4|REVIEW_REQUIRED|Map skills
158ca311-d26f-45ad-9004-b0767c32964e|people-who-have-made-a-difference|social-sciences|4|AUTO_VERIFIED|People who have made a difference
465ea72b-ad75-496e-b5bd-e01791817456|places-where-people-live-settlements|social-sciences|4|REVIEW_REQUIRED|Places where people live (settlements)
9fdb9cad-8105-46bd-ba16-2767f70dcfd1|transport-then-and-now|social-sciences|4|AUTO_VERIFIED|Transport then and now
895a922f-3f73-4e85-b4eb-2a90d65f814b|water-in-south-africa|social-sciences|4|AUTO_VERIFIED|Water in South Africa
c521d640-ab3f-4553-baaf-a0250dc6d7bf|ancient-egypt-explorers-from-europe-find-southern-africa|social-sciences|5|AUTO_VERIFIED|Ancient Egypt Explorers from Europe find southern Africa
27e4416a-ecad-4b16-8c74-5ab9a6de659e|map-skills-focus-africa|social-sciences|5|REVIEW_REQUIRED|Map skills (focus: Africa)
c98b01aa-8d21-4e86-a079-df9e8057a895|mining-and-minerals-in-south-africa|social-sciences|5|REVIEW_REQUIRED|Mining and minerals in South Africa
87c0a0ec-9d34-4953-9393-a80151aed2ef|physical-features-of-south-africa|social-sciences|5|AUTO_VERIFIED|Physical features of South Africa
bf72d6ca-7449-42dc-b79b-b3f884485b71|the-first-farmers-in-south-africa-and-swahili-east-coast-trade|social-sciences|5|REVIEW_REQUIRED|The first farmers in South Africa and Swahili east coast trade
167a76fc-c345-4436-a240-8693a6386b95|the-kingdom-of-mali-and-the-city-of-scientific-wester-timbuktu-through-time|social-sciences|5|AUTO_VERIFIED|The kingdom of Mali and the city of Scientific wester Timbuktu through time
71230dd1-c1e4-441d-bf07-2ddeba581309|weather-climate-and-vegetation-in-south-africa|social-sciences|5|REVIEW_REQUIRED|Weather, climate and vegetation in South Africa
d145bd5b-0874-4ff3-bc8e-d6a1fab2fc58|climate-and-vegetation-around-the-world|social-sciences|6|REVIEW_REQUIRED|Climate and vegetation around the world
19347061-1468-4c6a-9940-d467de7a4e87|east-african-coast-trade-in-the-15th-century|social-sciences|6|AUTO_VERIFIED|East African coast trade in the 15th century
90c7fac4-0062-486b-9a6a-7140678f9f4c|map-skills-focus-the-world|social-sciences|6|REVIEW_REQUIRED|Map skills (focus: the world)
17439a56-0577-4931-aa23-a7200c0c1c7c|population-why-people-live-where-they-do|social-sciences|6|REVIEW_REQUIRED|Population: why people live where they do
72384b64-aa16-42a4-a0a5-b495d74ed5b8|the-history-of-medicine|social-sciences|6|AUTO_VERIFIED|The history of medicine
6da86d1c-e6c4-4147-9fb3-fd057ea24084|trade|social-sciences|6|AUTO_VERIFIED|Trade
4d8d3627-1322-4d52-9530-5f905374010f|dutch-settlement-and-slavery-at-the-cape|social-sciences|7|AUTO_VERIFIED|Dutch settlement and slavery at the Cape
53d05b61-008e-42b2-b9d9-dbe6ebfeb1bd|earthquakes-volcanoes-and-people|social-sciences|7|AUTO_VERIFIED|Earthquakes, volcanoes and people
43a80ef0-4f04-401d-a994-5a3f98dd72d3|map-skills-focus-local-maps|social-sciences|7|AUTO_VERIFIED|Map skills (focus: local maps)
72b568d5-8919-4e94-8d95-d0fcec874df5|natural-resources-and-conservation-in-south-africa|social-sciences|7|AUTO_VERIFIED|Natural resources and conservation in South Africa
acc77c51-ad1d-466c-9d75-af4acf717ff3|population-growth-and-change-focus-the-world|social-sciences|7|AUTO_VERIFIED|Population growth and change (focus: the world)
a8c10492-f862-4937-a2c2-00e2edd8bf88|the-american-revolution-and-constitution|social-sciences|7|AUTO_VERIFIED|The American Revolution and Constitution
cad41073-f1a5-4b1d-9474-ba0f1852bb7a|the-british-american-slave-trade-from-africa-across-the-atlantic-ocean-to-the-us|social-sciences|7|AUTO_VERIFIED|The British - American slave trade from Africa across the Atlantic Ocean to the USA
5cf8f9d0-2596-4893-93a2-e6508d55dccc|zulu-kingdom-british-colony-and-indians-in-natal-from-1860-onwards|social-sciences|7|AUTO_VERIFIED|Zulu kingdom, British colony and Indians in Natal from 1860 onwards
